stock_id,buy_date,buy_price,sell_date,sell_price,net_profit,profit_percent,exit_reason
2867,2025-01-20,6.47,2025-01-21,6.49,-37,-0.12,跌破均線(10WMA)
2867,2025-01-22,6.5,2025-03-13,6.64,515,1.72,跌破均線(10WMA)
2867,2025-05-28,5.31,2025-05-29,5.26,-411,-1.37,跌破均線(10WMA)
2867,2025-07-14,5.0,2025-07-15,4.99,-189,-0.63,跌破均線(10WMA)
2867,2025-07-18,5.05,2025-07-21,5.02,-307,-1.02,跌破均線(10WMA)
2867,2025-07-28,5.05,2025-09-03,6.05,5793,19.3,移動鎖利(2.0%)
2867,2025-10-02,6.05,2025-10-28,7.17,5406,18.01,移動鎖利(2.0%)
2867,2025-12-03,7.29,2026-03-09,7.88,2290,7.63,跌破均線(10WMA)
2867,2026-04-08,7.76,2026-04-09,7.8,24,0.08,跌破均線(10WMA)
2867,2026-04-15,7.91,2026-04-23,7.78,-620,-2.07,跌破均線(10WMA)
2867,2026-04-24,7.82,2026-04-27,7.85,-14,-0.05,跌破均線(10WMA)
2867,2026-05-08,7.83,2026-05-12,7.7,-626,-2.09,跌破均線(10WMA)
2867,2026-06-03,8.0,2026-08-10,9.7,6226,20.74,移動鎖利(2.0%)
6214,2025-02-10,140.5,2025-02-11,138.5,-554,-1.85,跌破均線(10WMA)
6214,2025-02-13,144.5,2025-02-24,139.5,-1161,-3.88,跌破均線(10WMA)
6214,2025-03-21,138.0,2025-03-24,136.5,-453,-1.51,跌破均線(10WMA)
6214,2025-03-26,138.5,2025-03-28,133.0,-1314,-4.39,跌破均線(10WMA)
6214,2025-04-28,122.0,2025-04-29,126.0,848,2.84,跌破均線(10WMA)
6214,2025-06-18,116.0,2025-06-19,113.5,-772,-2.58,跌破均線(10WMA)
6214,2025-07-14,111.5,2025-07-15,110.5,-398,-1.33,跌破均線(10WMA)
6214,2025-08-11,115.0,2025-11-14,122.5,1815,6.07,跌破均線(10WMA)
6214,2025-12-04,122.5,2025-12-05,120.5,-616,-2.06,跌破均線(10WMA)
6214,2025-12-22,129.5,2025-12-26,123.0,-1626,-5.43,跌破均線(10WMA)
6214,2025-12-29,122.0,2025-12-30,120.0,-618,-2.07,跌破均線(10WMA)
6214,2026-01-27,122.0,2026-01-29,118.5,-984,-3.29,跌破均線(10WMA)
6214,2026-03-16,113.0,2026-03-17,111.5,-525,-1.75,跌破均線(10WMA)
6214,2026-04-08,111.0,2026-06-03,153.0,11177,37.27,移動鎖利(2.0%)
6214,2026-07-13,141.0,2026-09-22,190.5,10333,34.54,移動鎖利(2.0%)
6129,2025-08-04,12.35,2025-08-20,15.95,8588,28.61,移動鎖利(5.0%)
6129,2026-01-08,14.3,2026-01-26,17.2,5933,19.77,移動鎖利(5.0%)
6129,2026-04-13,16.05,2026-05-07,16.75,1175,3.91,移動鎖利(5.0%)
6129,2026-05-08,16.15,2026-05-11,16.4,333,1.11,跌破均線(20MA)
6129,2026-06-23,17.2,2026-06-26,18.6,2304,7.68,移動鎖利(5.0%)
6805,2025-02-14,774.0,2025-02-27,701.0,-2893,-9.83,跌破均線(20MA)
6805,2025-03-05,731.0,2025-03-10,727.0,-293,-0.98,跌破均線(20MA)
6805,2025-03-13,776.0,2025-03-19,717.0,-2363,-8.01,跌破均線(20MA)
6805,2025-03-20,733.0,2025-03-21,738.0,72,0.25,跌破均線(20MA)
6805,2025-05-12,532.0,2025-06-20,770.0,13159,44.14,移動鎖利(2.0%)
6805,2025-07-11,840.0,2025-08-19,1050.0,7200,24.47,移動鎖利(2.0%)
6805,2025-10-07,1120.0,2025-11-04,1435.0,8039,27.59,移動鎖利(2.0%)
6805,2025-11-18,1435.0,2025-11-21,1345.0,-1920,-6.69,跌破均線(20MA)
6805,2025-11-27,1560.0,2025-12-16,1480.0,-1644,-5.54,跌破均線(20MA)
6805,2025-12-22,1545.0,2026-01-02,1535.0,-317,-1.08,跌破均線(20MA)
6805,2026-01-05,1490.0,2026-01-06,1470.0,-528,-1.77,跌破均線(20MA)
6805,2026-01-29,1485.0,2026-03-23,1865.0,7449,25.06,移動鎖利(2.0%)
6805,2026-04-02,1885.0,2026-04-09,1840.0,-797,-2.82,跌破均線(20MA)
6805,2026-04-10,1865.0,2026-04-13,1765.0,-1724,-5.77,跌破均線(20MA)
6805,2026-04-17,1870.0,2026-05-06,1880.0,30,0.1,跌破均線(20MA)
6805,2026-06-02,2190.0,2026-06-10,1755.0,-5763,-20.23,跌破均線(20MA)
6805,2026-08-07,1670.0,2026-09-01,2285.0,10299,36.25,移動鎖利(2.0%)
2354,2025-01-17,76.8,2025-01-20,78.4,493,1.64,跌破均線(10WMA)
2354,2025-01-21,77.5,2025-01-22,78.2,140,0.47,跌破均線(10WMA)
2354,2025-02-18,75.5,2025-02-25,76.8,385,1.28,跌破均線(10WMA)
2354,2025-02-26,78.2,2025-02-27,76.3,-854,-2.85,跌破均線(10WMA)
2354,2025-04-30,59.0,2025-05-02,60.6,680,2.27,跌破均線(10WMA)
2354,2025-05-13,60.8,2025-05-14,62.4,656,2.19,跌破均線(10WMA)
2354,2025-05-15,60.9,2025-05-16,61.0,-80,-0.27,跌破均線(10WMA)
2354,2025-06-06,61.7,2025-06-17,63.6,791,2.64,移動鎖利(2.0%)
2354,2025-06-20,62.7,2025-08-12,71.7,4159,13.87,移動鎖利(2.0%)
2354,2025-08-26,72.8,2025-10-09,69.5,-1484,-4.94,跌破均線(10WMA)
2354,2025-10-29,73.2,2025-11-04,69.0,-1841,-6.15,跌破均線(10WMA)
2354,2025-11-12,70.9,2025-11-13,68.7,-1057,-3.52,跌破均線(10WMA)
2354,2026-02-23,58.7,2026-02-24,58.9,-27,-0.09,跌破均線(10WMA)
2354,2026-02-25,60.0,2026-02-26,59.5,-379,-1.26,跌破均線(10WMA)
2354,2026-04-16,52.6,2026-04-17,51.6,-698,-2.33,跌破均線(10WMA)
2354,2026-04-22,54.2,2026-04-23,52.3,-1176,-3.92,跌破均線(10WMA)
2354,2026-05-07,63.3,2026-06-10,56.3,-3430,-11.45,跌破均線(10WMA)
2354,2026-07-23,57.0,2026-07-24,57.1,-77,-0.26,跌破均線(10WMA)
2354,2026-08-03,56.4,2026-08-04,56.0,-341,-1.14,跌破均線(10WMA)
2354,2026-08-07,61.8,2026-09-03,63.7,789,2.63,移動鎖利(2.0%)
3024,2025-02-19,17.5,2025-02-20,17.65,127,0.42,跌破均線(10WMA)
3024,2025-02-21,17.9,2025-02-24,18.5,873,2.91,跌破均線(10WMA)
3024,2025-02-25,18.55,2025-02-26,18.35,-452,-1.51,跌破均線(10WMA)
3024,2025-03-05,18.7,2025-03-06,18.2,-929,-3.1,跌破均線(10WMA)
3024,2025-03-07,18.1,2025-03-10,18.05,-211,-0.7,跌破均線(10WMA)
3024,2025-04-29,15.35,2025-04-30,15.2,-422,-1.41,跌破均線(10WMA)
3024,2025-05-05,15.5,2025-05-06,15.6,63,0.21,跌破均線(10WMA)
3024,2025-05-14,15.4,2025-05-15,15.45,-32,-0.11,跌破均線(10WMA)
3024,2025-05-20,15.45,2025-05-28,15.2,-613,-2.04,跌破均線(10WMA)
3024,2025-08-04,13.25,2025-08-05,13.15,-355,-1.18,跌破均線(10WMA)
3024,2025-08-15,13.15,2025-08-18,13.15,-129,-0.43,跌破均線(10WMA)
3024,2025-08-28,13.2,2025-08-29,12.9,-808,-2.69,跌破均線(10WMA)
3024,2025-09-05,13.5,2025-09-11,12.9,-1458,-4.86,跌破均線(10WMA)
3024,2025-09-12,13.05,2025-10-01,13.1,-15,-0.05,跌破均線(10WMA)
3024,2025-12-15,11.05,2025-12-16,10.85,-670,-2.23,跌破均線(10WMA)
3024,2025-12-19,11.15,2026-01-28,10.9,-799,-2.66,跌破均線(10WMA)
3024,2026-03-18,10.7,2026-03-19,10.75,10,0.03,跌破均線(10WMA)
3024,2026-04-17,10.95,2026-05-21,17.15,16801,55.98,移動鎖利(2.5%)
3024,2026-07-06,12.5,2026-07-07,12.3,-608,-2.03,跌破均線(10WMA)
3024,2026-07-15,13.25,2026-07-16,13.65,773,2.58,跌破均線(10WMA)
3024,2026-07-17,14.2,2026-07-21,13.75,-1077,-3.59,跌破均線(10WMA)
2376,2024-12-24,280.5,2024-12-30,274.5,-763,-2.56,跌破均線(5WMA)
2376,2025-01-07,283.5,2025-01-10,271.0,-1437,-4.82,跌破均線(5WMA)
2376,2025-02-14,260.0,2025-03-13,256.0,-588,-1.97,跌破均線(5WMA)
2376,2025-03-19,264.0,2025-03-27,261.0,-467,-1.56,跌破均線(5WMA)
2376,2025-04-28,230.5,2025-07-02,281.5,6481,21.61,跌破均線(5WMA)
2376,2025-07-16,284.5,2025-07-22,280.0,-600,-2.01,跌破均線(5WMA)
2376,2025-07-23,288.0,2025-07-29,282.5,-700,-2.34,跌破均線(5WMA)
2376,2025-08-08,286.0,2025-08-14,282.0,-543,-1.82,跌破均線(5WMA)
2376,2025-08-27,284.5,2025-08-29,277.0,-914,-3.06,跌破均線(5WMA)
2376,2025-09-10,277.0,2025-09-11,274.0,-452,-1.51,跌破均線(5WMA)
2376,2025-09-19,282.0,2025-10-14,280.0,-341,-1.14,移動鎖利(9.0%)
2376,2025-12-31,249.5,2026-01-09,240.0,-1266,-4.23,跌破均線(5WMA)
2376,2026-01-15,245.0,2026-01-19,240.0,-737,-2.46,跌破均線(5WMA)
2376,2026-02-26,239.5,2026-03-03,229.0,-1437,-4.8,跌破均線(5WMA)
2376,2026-03-16,236.5,2026-03-30,228.0,-1197,-4.01,跌破均線(5WMA)
2376,2026-04-09,251.0,2026-06-08,345.0,11023,36.88,移動鎖利(9.0%)
2376,2026-07-16,337.0,2026-07-17,325.0,-1194,-3.98,跌破均線(5WMA)
2376,2026-07-22,348.0,2026-07-28,327.0,-1930,-6.44,跌破均線(5WMA)
2376,2026-08-06,344.0,2026-08-17,358.0,1085,3.62,移動鎖利(9.0%)
2376,2026-09-01,359.0,2026-09-03,350.5,-832,-2.79,跌破均線(5WMA)
2376,2026-09-07,364.5,2026-09-09,349.5,-1355,-4.53,跌破均線(5WMA)
2376,2026-09-10,351.5,2026-09-11,349.0,-340,-1.14,跌破均線(5WMA)
5469,2024-12-27,53.8,2025-01-09,52.0,-1128,-3.76,跌破均線(10WMA)
5469,2025-02-06,54.2,2025-03-11,53.3,-625,-2.08,跌破均線(10WMA)
5469,2025-03-19,55.3,2025-03-31,52.3,-1751,-5.84,跌破均線(10WMA)
5469,2025-04-30,47.3,2025-05-02,48.2,439,1.46,跌破均線(10WMA)
5469,2025-05-05,48.1,2025-05-06,49.65,833,2.78,跌破均線(10WMA)
5469,2025-06-12,61.8,2025-08-22,72.3,4947,16.49,移動鎖利(3.5%)
5469,2025-08-26,75.4,2025-09-24,102.0,10399,34.72,移動鎖利(3.5%)
5469,2025-10-28,91.6,2025-11-18,88.5,-1139,-3.8,跌破均線(10WMA)
5469,2025-11-26,97.0,2025-12-17,94.1,-1023,-3.41,跌破均線(10WMA)
5469,2026-01-12,97.0,2026-02-02,94.4,-930,-3.1,跌破均線(10WMA)
5469,2026-04-13,88.0,2026-04-15,90.4,684,2.28,跌破均線(10WMA)
5469,2026-06-03,86.9,2026-06-05,84.0,-1126,-3.75,跌破均線(10WMA)
5469,2026-06-15,87.5,2026-06-24,85.5,-811,-2.71,跌破均線(10WMA)
5469,2026-06-25,86.1,2026-07-07,83.1,-1170,-3.9,跌破均線(10WMA)
5469,2026-08-10,75.9,2026-08-11,75.9,-129,-0.43,跌破均線(10WMA)
5469,2026-08-12,76.7,2026-08-13,76.9,-51,-0.17,跌破均線(10WMA)
5469,2026-08-28,74.8,2026-08-31,74.0,-449,-1.5,跌破均線(10WMA)
5469,2026-09-01,74.0,2026-09-02,73.7,-250,-0.83,跌破均線(10WMA)
5469,2024-12-27,53.8,2025-01-09,52.0,-1128,-3.7616802171636667,跌破均線(10MA)
5469,2025-02-06,54.2,2025-02-26,56.1,917,3.057420830471516,跌破均線(10MA)
5469,2025-03-18,55.3,2025-03-27,55.9,195,0.65016037289198,跌破均線(10MA)
5469,2025-04-30,47.3,2025-05-29,60.6,8277,27.58246079404963,移動鎖利(2.0%)
5469,2025-06-11,62.8,2025-06-13,60.3,-1318,-4.396909486382258,跌破均線(10MA)
5469,2025-06-24,61.4,2025-07-04,60.7,-469,-1.5642092905360334,跌破均線(10MA)
5469,2025-07-14,60.8,2025-08-04,71.2,4982,16.609767156535888,移動鎖利(2.0%)
5469,2025-08-14,72.4,2025-09-01,84.4,4824,16.08343113197482,移動鎖利(2.0%)
5469,2025-09-17,80.7,2025-09-23,104.0,8489,28.3347296535012,移動鎖利(2.0%)
5469,2025-10-27,93.1,2025-10-30,91.5,-643,-2.1434619410497966,跌破均線(10MA)
5469,2025-11-03,98.4,2025-11-07,92.3,-1978,-6.607958949140764,跌破均線(10MA)
5469,2025-11-26,97.0,2025-12-02,101.0,1103,3.6775247557763477,移動鎖利(2.0%)
5469,2026-01-12,97.0,2026-01-26,103.5,1873,6.244790451105258,移動鎖利(2.0%)
5469,2026-02-04,104.0,2026-02-05,97.7,-1938,-6.4660349659682375,跌破均線(10MA)
5469,2026-04-13,88.0,2026-04-23,92.2,1294,4.321977287909152,跌破均線(10MA)
5469,2026-06-15,87.5,2026-07-01,86.6,-435,-1.4526632158958088,跌破均線(10MA)
5469,2026-08-10,75.9,2026-08-18,74.0,-877,-2.923284611923134,跌破均線(10MA)
5469,2026-08-27,73.0,2026-09-03,71.2,-865,-2.8881469115191987,跌破均線(10MA)
5469,2026-09-17,73.0,2026-09-23,72.6,-293,-0.9782971619365609,跌破均線(10MA)
